{"cameraMode":{"drawMode":0,"name":"Shaded","section":"Shading Mode"},"sceneLighting":false,"audioPlay":false,"sceneViewState":{"showFog":false,"showMaterialUpdate":false,"showSkybox":false,"showFlares":false,"showImageEffects":true,"showParticleSystems":true},"in2DMode":false,"pivot":{"x":96.73271942138672,"y":106.69678497314453,"z":162.1300048828125},"rotation":{"x":0.001638798974454403,"y":0.9939035177230835,"z":-0.1092696413397789,"w":0.014909026212990284},"size":2.423673629760742,"orthographic":true}