{"cameraMode":{"drawMode":0,"name":"Shaded","section":"Shading Mode"},"sceneLighting":false,"audioPlay":false,"sceneViewState":{"showFog":false,"showMaterialUpdate":false,"showSkybox":false,"showFlares":false,"showImageEffects":true,"showParticleSystems":true},"in2DMode":false,"pivot":{"x":96.4620590209961,"y":106.09735870361328,"z":161.68096923828126},"rotation":{"x":0.05099790543317795,"y":0.44501814246177676,"z":-0.025392452254891397,"w":0.8937137126922607},"size":2.3334522247314455,"orthographic":true}