{"cameraMode":{"drawMode":0,"name":"Shaded","section":"Shading Mode"},"sceneLighting":false,"audioPlay":false,"sceneViewState":{"showFog":false,"showMaterialUpdate":false,"showSkybox":false,"showFlares":false,"showImageEffects":true,"showParticleSystems":true},"in2DMode":false,"pivot":{"x":96.73271942138672,"y":106.69678497314453,"z":161.03125},"rotation":{"x":0.047929760068655017,"y":-0.046429477632045749,"z":0.0022388191428035499,"w":0.9977760910987854},"size":2.1294960975646974,"orthographic":true}