{"cameraMode":{"drawMode":0,"name":"Shaded","section":"Shading Mode"},"sceneLighting":true,"audioPlay":false,"sceneViewState":{"showFog":false,"showMaterialUpdate":false,"showSkybox":false,"showFlares":false,"showImageEffects":true,"showParticleSystems":true},"in2DMode":false,"pivot":{"x":0.22512659430503846,"y":5.192612648010254,"z":0.236131489276886},"rotation":{"x":-0.5127688646316528,"y":0.056823696941137317,"z":-0.034028101712465289,"w":-0.8560106158256531},"size":17.946989059448243,"orthographic":true}