{"cameraMode":{"drawMode":0,"name":"Shaded","section":"Shading Mode"},"sceneLighting":false,"audioPlay":false,"sceneViewState":{"showFog":false,"showMaterialUpdate":false,"showSkybox":false,"showFlares":false,"showImageEffects":true,"showParticleSystems":true},"in2DMode":false,"pivot":{"x":99.29995727539063,"y":13.761800765991211,"z":11.820754051208496},"rotation":{"x":0.49879857897758486,"y":-0.0752144530415535,"z":0.043505292385816577,"w":0.8623515367507935},"size":22.0,"orthographic":false}