{"cameraMode":{"drawMode":0,"name":"Shaded","section":"Shading Mode"},"sceneLighting":true,"audioPlay":false,"sceneViewState":{"showFog":false,"showMaterialUpdate":false,"showSkybox":false,"showFlares":false,"showImageEffects":true,"showParticleSystems":true},"in2DMode":false,"pivot":{"x":2.031141757965088,"y":-7.925938606262207,"z":-16.35915756225586},"rotation":{"x":-0.13009284436702729,"y":0.02379395253956318,"z":0.0031227327417582275,"w":0.991214394569397},"size":116.95930480957031,"orthographic":true}