{"cameraMode":{"drawMode":0,"name":"Shaded","section":"Shading Mode"},"sceneLighting":true,"audioPlay":false,"sceneViewState":{"showFog":false,"showMaterialUpdate":false,"showSkybox":false,"showFlares":false,"showImageEffects":true,"showParticleSystems":true},"in2DMode":false,"pivot":{"x":-7.174939155578613,"y":4.537679195404053,"z":1.1190248727798463},"rotation":{"x":0.321733295917511,"y":0.25277358293533327,"z":0.9080970883369446,"w":-0.08959512412548065},"size":8.370596885681153,"orthographic":true}