{"cameraMode":{"drawMode":0,"name":"Shaded","section":"Shading Mode"},"sceneLighting":false,"audioPlay":false,"sceneViewState":{"showFog":false,"showMaterialUpdate":false,"showSkybox":false,"showFlares":false,"showImageEffects":true,"showParticleSystems":true},"in2DMode":false,"pivot":{"x":96.73271942138672,"y":107.19678497314453,"z":161.50625610351563},"rotation":{"x":-0.37217745184898379,"y":-0.2536601722240448,"z":0.10649918764829636,"w":-0.8864539861679077},"size":2.0135059356689455,"orthographic":true}