{"cameraMode":{"drawMode":0,"name":"Shaded","section":"Shading Mode"},"sceneLighting":false,"audioPlay":false,"sceneViewState":{"showFog":false,"showMaterialUpdate":false,"showSkybox":false,"showFlares":false,"showImageEffects":true,"showParticleSystems":true},"in2DMode":false,"pivot":{"x":96.73271942138672,"y":106.69678497314453,"z":161.03125},"rotation":{"x":-0.005237972363829613,"y":0.9946759343147278,"z":0.06574396789073944,"w":0.07924307137727738},"size":15.938458442687989,"orthographic":true}